{"startFinish": [[47.632169, -122.176237], [47.632166, -122.176141]], "name": "Home", "splits": [[[47.632662, -122.176247], [47.632662, -122.176126]], [[47.632696, -122.176327], [47.632785, -122.176327]], [[47.633067, -122.177317], [47.633109, -122.177204]], [[47.633105, -122.177440], [47.633179, -122.177494]], [[47.632944, -122.177875], [47.633009, -122.177950]], [[47.632879, -122.177891], [47.632839, -122.177996]], [[47.632270, -122.177336], [47.632212, -122.177427]], [[47.632122, -122.176311], [47.632033, -122.176311]]], "textPosition" : [47.6325, -122.1775], "imageName":"Home.png" ,"imagePosition": [[47.6317917, -122.1783944], [47.6334028, -122.1755278]]} 








